<configuration>
    <aimAssist>
        <enabled>true</enabled>
        <maxRange>20000</maxRange>
        <headshotPriority>true</headshotPriority>
        <bodyShotFallback>true</bodyShotFallback>
        <recoilControl>true</recoilControl>
        <bulletSpreadControl>true</bulletSpreadControl>
        <smoothTracking>true</smoothTracking>
        <stickyAim>true</stickyAim>
        <aimThroughWalls>true</aimThroughWalls>
        <aimLock>
            <enabled>true</enabled>
            <lockDuration>500</lockDuration>
            <lockSpeed>fast</lockSpeed>
        </aimLock>
        <trackingSensitivity>3.5</trackingSensitivity>
    </aimAssist>
</configuration>
