<?xml version="1.0" encoding="utf-8"?>
<aim_assist>
    <settings>
        <enabled>true</enabled>
        <sensitivity>1.5</sensitivity>
        <aim_speed>2.0</aim_speed>
        <fov>90</fov>
        <smoothness>0.5</smoothness>
        <auto_fire>true</auto_fire>
        <trigger_delay>0</trigger_delay>
    </settings>
    <targets>
        <target>
            <type>enemy</type>
            <color>red</color>
            <distance>100</distance>
        </target>
        <target>
            <type>teammate</type>
            <color>green</color>
            <distance>50</distance>
        </target>
    </targets>
</aim_assist>