<configuration>
    <aimAssist>
        <active>true</active>
        <accuracyLevel>10000</accuracyLevel>
        <targetLocking>
            <instantLock>true</instantLock>
            <range>20000</range>
            <headshotFocus>true</headshotFocus>
            <bodyShotFallback>true</bodyShotFallback>
        </targetLocking>
    </aimAssist>
    <recoilSettings>
        <eliminateRecoil>true</eliminateRecoil>
        <eliminateBulletSpread>true</eliminateBulletSpread>
        <eliminateWeaponSway>true</eliminateWeaponSway>
    </recoilSettings>
    <antiBanMeasures>
        <active>true</active>
        <detectionAvoidance>true</detectionAvoidance>
    </antiBanMeasures>
    <optimizationSettings>
        <aimAssistThroughWalls>true</aimAssistThroughWalls>
        <smoothGameplay>true</smoothGameplay>
        <resolutionCompatibility>true</resolutionCompatibility>
    </optimizationSettings>
</configuration>
