<?xml version="1.0" encoding="UTF-8"?>
<config>
    <game>
        <name>Call of Duty Mobile Garena</name>
        <cheat>
            <type>Long Range High Aim Assist</type>
            <platform>Android</platform>
            <enabled>true</enabled>
            <settings>
                <aimAssist>
                    <range>1000</range>
                    <sensitivity>1.5</sensitivity>
                    <smoothness>0.8</smoothness>
                </aimAssist>
            </settings>
        </cheat>
    </game>
</config>