<?xml version="1.0" encoding="utf-8"?>
<aim_assist>
    <settings>
        <max_aim_assist>true</max_aim_assist>
        <sensitivity>1.5</sensitivity>
        <aim_smoothness>0.5</aim_smoothness>
        <aim_fov>90</aim_fov>
        <auto_fire>true</auto_fire>
        <recoil_control>true</recoil_control>
    </settings>
    <controls>
        <fire_button>
            <position>x: 0.8, y: 0.9</position>
            <size>0.1</size>
        </fire_button>
        <aim_button>
            <position>x: 0.7, y: 0.8</position>
            <size>0.1</size>
        </aim_button>
    </controls>
</aim_assist>