<aim_assist>
    <settings>
        <aim_sensitivity>100</aim_sensitivity>
        <aim_fov>180</aim_fov>
        <aim_smoothness>0</aim_smoothness>
        <aim_key>F</aim_key>
        <aim_enabled>true</aim_enabled>
    </settings>
    <targets>
        <target>
            <type>enemy</type>
            <color>red</color>
            <distance>1000</distance>
        </target>
    </targets>
    <visuals>
        <show_fov>true</show_fov>
        <fov_color>green</fov_color>
        <target_marker>true</target_marker>
    </visuals>
</aim_assist>