<?xml version="1.0" encoding="UTF-8"?>
<config>
    <aim_assist>
        <max_value>100</max_value>
        <min_value>0</min_value>
        <sensitivity>0.5</sensitivity>
        <smoothness>0.8</smoothness>
    </aim_assist>
    <blood_strike>
        <enabled>true</enabled>
        <damage_multiplier>1.5</damage_multiplier>
        <range>100</range>
        <cooldown>2</cooldown>
    </blood_strike>
    <performance>
        <fps_limit>30</fps_limit>
        <resolution>720p</resolution>
        <texture_quality>low</texture_quality>
    </performance>