{
  "Damage": {
    "DamageType": "Ballistic",
    "DamageRate": 35,
    "HitPartCoffHead": 2.0,
    "HitPartCoffBody": 1.0,
    "HitPartCoffLimbs": 0.8,
    "HitPartCoffHand": 0.6,
    "HitPartCoffFoot": 0.6,
    "RangeModifier": 0.9
  },
  "AutoAim": {
    "EnableAutoAim": true,
    "AutoAimType": "Magnet",
    "AutoAimSpeed": 4.5,
    "AutoAimSpeedRateMax": 1.2,
    "AutoAimRangeMax": 20.0,
    "AutoAimRangeRateMax": 1.5
  },
  "WeaponStats": {
    "BulletFireSpeed": 890.0,
    "ShootInterval": 0.08,
    "BurstShootBulletsNum": 3,
    "WeaponAimFOV": 55,
    "DefaultRecoil": 0.25,
    "DefaultRecoilKickADS": 0.15,
    "DefaultSRecoilInfo": "Balanced",
    "CrossHairBurstIncreaseSpeed": 0.12,
    "ScopeAimShootSpreadAddDirValSpeed": 0.4,
    "ScopeAimShootSpreadDecDirValSpeed": 0.25,
    "ScopeAimShootSpreadAddRotValSpeed": 0.35,
    "ScopeAimShootSpreadDecRotValSpeed": 0.2
  },
  "Hitbox": {
    "Server_HitBox_Stand_HalfHeight": 0.9,
    "Server_HitBox_Stand_Radius": 0.35,
    "Server_HitBox_Prone_HalfHeight": 0.45,
    "Server_HitBox_Prone_Radius": 0.35
  },
  "StatsTracking": {
    "ShotCount": 0,
    "ShotHitCount": 0,
    "ShotHeadHitCount": 0,
    "ShotPersonHitCount": 0,
    "ShotPersonKillCount": 0
  }
}