<?xml version="1.0" encoding="UTF-8"?>
<configuration>
    <aimAssist>
        <enabled>true</enabled>
        <mimicAimbot>true</mimicAimbot>
        <maxAimAssistRange>2000000</maxAimAssistRange>
        <aimLock>true</aimLock>
        <recoilReduction>extreme</recoilReduction>
        <hitboxSize>huge</hitboxSize>
        <aimAssistSensitivity>0.8
</aimAssistSensitivity>
        <autoFire>true</autoFire>
        <targetPrioritization>nearest</targetPrioritization>
    </aimAssist>
</configuration>
