<?xml version="1.0" encoding="utf-8"?>
<aim_assist>
    <settings>
        <max_aim_assist>true</max_aim_assist>
        <sensitivity>1.5</sensitivity>
        <smoothness>0.8</smoothness>
        <fov>90</fov>
        <aim_key>R2</aim_key>
        <auto_fire>true</auto_fire>
    </settings>
    <targets>
        <target>
            <type>enemy</type>
            <color>red</color>
            <highlight>true</highlight>
        </target>
        <target>
            <type>ally</type>
            <color>green</color>
            <highlight>false</highlight>
        </target>
    </targets>
</aim_assist>