<?xml version="1.0" encoding="UTF-8"?>
<configuration>
    <mod>
        <name>Blood Strike Mobile</name>
        <type>configuration</type>
        <features>
            <feature>
                <name>Brutal Long Range</name>
                <enabled>true</enabled>
            </feature>
            <feature>
                <name>Max Aim Assist</name>
                <enabled>true</enabled>
            </feature>
            <feature>
                <name>OUTO Drag to Enemy</name>
                <enabled>true</enabled>
            </feature>
        </features>
    </mod>
</configuration>
